time,a1,a2,a3,a4,a5,a6
0,0.00176,0,0,0,0,0
10,0.00175993,1.38463e-11,7.637e-13,1.30826e-11,0,0
2000,0.00161808,1.38224e-10,8.25157e-12,1.29972e-10,0,0
300000,7.48132e-06,2.37348e-12,2.21236e-12,1.61119e-13,0,0
4e+07,4.71503e-10,1.81889e-14,1.81888e-14,8.3484e-20,0,0
5e+09,3.13171e-14,1.4841e-16,1.4841e-16,4.52437e-26,0,0
6e+11,3.8139e-49,1.01926e-20,1.01926e-20,3.78449e-65,0,0
7e+13,0,8.86123e-23,8.86123e-23,0,0,0
