time,a1,a2,a3,a4,a5,a6
0,0.00176,0,0,0,0,0
10,0.00175985,1.37671e-11,7.59364e-13,1.30078e-11,1.18124e-13,1.46988e-07
2000,0.00153104,2.14842e-10,1.23543e-11,2.02488e-10,0,0.000228958
300000,4.62939e-05,6.92819e-12,4.81693e-12,2.11125e-12,inf,0.00171369
4e+07,4.62996e-06,2.23701e-12,2.23333e-12,3.68384e-15,inf,0.00175532
5e+09,6.64307e-07,8.62045e-13,8.62038e-13,3.04559e-18,inf,0.00175876
6e+11,9.65723e-08,3.29958e-13,3.29961e-13,0,0,0.00175171
7e+13,6.38657e-12,2.67697e-15,2.68018e-15,4.08636e-24,inf,0.00175175
