time,y0,y1,y2,y3,y4,y5,y6,y7
0,1,0,0,0,0,0,0,0.0057
321.812,0.000737131,0.000144249,5.88873e-05,0.00117565,0.00238636,0.00623897,0.00285,0.00285
843.624,0.000670306,0.000130997,4.68622e-05,0.00104467,0.000594884,0.00139963,0.00101449,0.00468551
