time,y0,y1,y2,y3,y4,y5,y6,y7
0,1,0,0,0,0,0,0,0.0057
321.812,0.000406388,1.34041e-05,0,0,0,0,0,0.00671278
843.624,0.000397626,1.61193e-05,0,0,0,0,0,0.00678345
