time,A,B,C
0,1,0,0
1,0.96646,3.07463e-05,0.0335095
20,0.84137,1.62339e-05,0.158614
300,0.617235,6.15359e-06,0.382759
4000,0.336875,2.0137e-06,0.663123
50000,0.1073,4.80017e-07,0.892699
600000,0.0178659,7.27475e-08,0.982134
7e+06,0.00203148,8.14228e-09,0.997969
8e+07,0.000207609,8.30608e-10,0.999792
9e+08,2.08242e-05,8.32984e-11,0.999979
1e+10,2.08323e-06,8.33294e-12,0.999998
1.1e+11,2.08333e-07,8.33332e-13,1
1.2e+12,2.08334e-08,8.33336e-14,1
